clip,category,method,n_sampled,detection_rate,median_score,center_jitter_norm,scale_cv,median_axis_px,implausible_area_rate,agreement
IMG_1573,rc,scored,29,1.0,0.7251,0.0154,0.1908,1484.9,0.0,0.931
IMG_1573,rc,naive,29,1.0,,0.0153,0.2151,1484.7,0.0,0.931
IMG_1574,rc,scored,18,1.0,0.417,0.1844,0.2988,1070.0,0.0,0.7222
IMG_1574,rc,naive,18,1.0,,0.1767,0.2784,1032.7,0.0,0.7222
IMG_1575,rc,scored,48,1.0,0.8017,0.034,0.3071,1645.9,0.0,0.7917
IMG_1575,rc,naive,48,1.0,,0.017,0.3455,1645.9,0.0,0.7917
IMG_1577,rc,scored,62,0.9839,0.8142,0.0377,0.341,1731.6,0.0,1.0
IMG_1577,rc,naive,62,1.0,,0.0395,0.3385,1731.5,0.0,1.0
IMG_1579,rc,scored,31,0.9355,0.8581,0.0111,0.3467,1800.1,0.0,1.0
IMG_1579,rc,naive,31,1.0,,0.0108,0.3674,1800.0,0.0,1.0
IMG_1580_r1,rc,scored,15,1.0,0.7715,0.0056,0.0018,1576.6,0.0,1.0
IMG_1580_r1,rc,naive,15,1.0,,0.0056,0.0018,1576.6,0.0,1.0
IMG_1580_r2,rc,scored,26,1.0,0.5337,0.0239,0.3049,835.7,0.0,0.9615
IMG_1580_r2,rc,naive,26,1.0,,0.0232,0.311,835.7,0.0,0.9615
IMG_1582,rc,scored,43,1.0,0.8179,0.0255,0.0887,1688.4,0.0,1.0
IMG_1582,rc,naive,43,1.0,,0.0255,0.0887,1688.4,0.0,1.0
IMG_1583,rc,scored,22,1.0,0.7905,0.0172,0.0048,1586.4,0.0,1.0
IMG_1583,rc,naive,22,1.0,,0.0172,0.0048,1586.4,0.0,1.0
IMG_1584,rc,scored,27,1.0,0.6319,0.0462,0.1577,2432.3,0.0,0.7778
IMG_1584,rc,naive,27,1.0,,0.0626,0.2206,2432.3,0.0,0.7778
IMG_1585,rc,scored,43,1.0,0.7283,0.0269,0.0038,2912.4,0.0,0.907
IMG_1585,rc,naive,43,1.0,,0.0247,0.2633,2911.9,0.0,0.907
IMG_1588,rc,scored,42,0.8571,0.7694,0.1113,0.3783,3463.1,0.0,0.9722
IMG_1588,rc,naive,42,1.0,,0.1455,0.3412,3477.5,0.1667,0.9722
IMG_1589,rc,scored,15,1.0,0.8629,0.113,0.0251,3486.5,0.0,0.9333
IMG_1589,rc,naive,15,1.0,,0.1129,0.0293,3469.4,0.0,0.9333
IMG_1590,rc,scored,36,1.0,0.8633,0.0173,0.0069,3355.3,0.0,1.0
IMG_1590,rc,naive,36,1.0,,0.0173,0.0069,3355.3,0.0,1.0
IMG_1591,rc,scored,61,1.0,0.876,0.0037,0.2247,3369.5,0.0,1.0
IMG_1591,rc,naive,61,1.0,,0.0037,0.2247,3369.5,0.0,1.0
IMG_1592,rc,scored,32,1.0,0.8923,0.0077,0.1914,3401.0,0.0,1.0
IMG_1592,rc,naive,32,1.0,,0.0077,0.1914,3401.0,0.0,1.0
IMG_1593,rc,scored,29,1.0,0.8925,0.0075,0.1705,3438.8,0.0,0.931
IMG_1593,rc,naive,29,1.0,,0.0074,0.1862,3439.1,0.0345,0.931
IMG_1594,rc,scored,28,1.0,0.8029,0.0281,0.0015,3144.2,0.0,1.0
IMG_1594,rc,naive,28,1.0,,0.0281,0.0015,3144.2,0.0,1.0
IMG_1595,rc,scored,42,0.9524,0.7894,0.0088,0.3544,3116.4,0.0,0.975
IMG_1595,rc,naive,42,1.0,,0.0102,0.3527,3115.9,0.0,0.975
IMG_1597,rc,scored,44,0.9545,0.7786,0.0194,0.0829,3092.4,0.0,1.0
IMG_1597,rc,naive,44,1.0,,0.0206,0.1434,3091.6,0.0,1.0
IMG_1598,rc,scored,13,1.0,0.748,0.0197,0.0013,2926.8,0.0,1.0
IMG_1598,rc,naive,13,1.0,,0.0197,0.0013,2926.8,0.0,1.0
IMG_1599,rc,scored,26,0.9615,0.7422,0.0295,0.2992,2966.2,0.0,0.84
IMG_1599,rc,naive,26,1.0,,0.0685,0.2521,2968.0,0.1923,0.84
IMG_1600,rc,scored,74,0.9865,0.7064,0.0383,0.2855,2964.3,0.0,0.9452
IMG_1600,rc,naive,74,1.0,,0.0411,0.1782,2964.8,0.0405,0.9452
atena_br,br,scored,50,1.0,0.7869,0.0194,0.0051,733.1,0.0,1.0
atena_br,br,naive,50,1.0,,0.0194,0.0051,733.1,0.0,1.0
round_longo_br,br,scored,60,1.0,0.6134,0.0731,0.0635,838.2,0.0,1.0
round_longo_br,br,naive,60,1.0,,0.0731,0.0635,838.2,0.0,1.0
round_raw_br,br,scored,32,0.875,0.6443,0.0086,0.0017,866.1,0.0,1.0
round_raw_br,br,naive,32,0.9688,,0.0084,0.4375,866.0,0.0323,1.0
demo_jp,jp,scored,22,1.0,0.6848,0.0362,0.001,925.1,0.0,1.0
demo_jp,jp,naive,22,1.0,,0.0362,0.001,925.1,0.0,1.0
worlds_final,worlds,scored,31,1.0,0.6153,0.0225,0.0467,868.4,0.0,1.0
worlds_final,worlds,naive,31,1.0,,0.0225,0.0467,868.4,0.0,1.0
worlds_raw,worlds,scored,31,1.0,0.6118,0.0154,0.0148,1297.0,0.0,1.0
worlds_raw,worlds,naive,31,1.0,,0.0154,0.0148,1297.0,0.0,1.0
rc_sumo,rc,scored,61,0.9344,0.8811,0.0031,0.0442,1126.4,0.0,1.0
rc_sumo,rc,naive,61,1.0,,0.0034,0.1057,1126.5,0.0656,1.0
